chr	snpPos	snp.pValue	distToCenter	nearestGene	linkedGene	linkScore	linkDist	enrRank	enrName	enr.pValue	enrGroup
chr1	56962821	0.0000000000000000004	102.5	PLPP3	C8A	0.68	-357556	1	Liver	0.000000000013	Liver
chr1	56962821	0.0000000000000000004	185.5	PLPP3	C8A	0.57	-357844	1	Liver	0.000000000013	Liver
chr1	56962821	0.0000000000000000004	980.5	PLPP3	C8A	0.4	-358639	1	Liver	0.000000000013	Liver
chr1	56962821	0.0000000000000000004	431.5	PLPP3	PLPP3	0.37	-147722	1	Liver	0.000000000013	Liver
chr1	56962821	0.0000000000000000004	662.5	PLPP3	C8A	0.29	-358321	1	Liver	0.000000000013	Liver
chr1	56962821	0.0000000000000000004	662.5	PLPP3	C8B	0.27	-469655	1	Liver	0.000000000013	Liver
chr1	56962821	0.0000000000000000004	102.5	PLPP3	C8B	0.12	-468890	1	Liver	0.000000000013	Liver
chr1	56962821	0.0000000000000000004	185.5	PLPP3	C8B	0.12	-469178	1	Liver	0.000000000013	Liver
chr3	15648004	0.000002	624.5	HACL1	NA	NA	NA	1	Liver	0.000000000013	Liver
chr3	15648004	0.000002	946.5	HACL1	NA	NA	NA	1	Liver	0.000000000013	Liver
chr3	15648004	0.000002	146	HACL1	NA	NA	NA	1	Liver	0.000000000013	Liver
chr3	15648004	0.000002	93.5	HACL1	NA	NA	NA	1	Liver	0.000000000013	Liver
chr3	15648004	0.000002	1643.5	HACL1	NA	NA	NA	1	Liver	0.000000000013	Liver
chr3	15648004	0.000002	1843.5	HACL1	NA	NA	NA	1	Liver	0.000000000013	Liver
chr12	111884608	0.000006	611	SH2B3	SH2B3	0.89	40244.5	1	Liver	0.000000000013	Liver
chr12	111884608	0.000006	333.5	SH2B3	SH2B3	0.89	40522	1	Liver	0.000000000013	Liver
chr12	111884608	0.000006	753.5	SH2B3	SH2B3	0.88	40102	1	Liver	0.000000000013	Liver
chr12	111884608	0.000006	1704.5	SH2B3	SH2B3	0.87	39151	1	Liver	0.000000000013	Liver
chr12	111884608	0.000006	1949.5	SH2B3	SH2B3	0.87	38906	1	Liver	0.000000000013	Liver
chr12	111884608	0.000006	993.5	SH2B3	SH2B3	0.87	39862	1	Liver	0.000000000013	Liver
chr12	111884608	0.000006	1283.5	SH2B3	SH2B3	0.86	39572	1	Liver	0.000000000013	Liver
chr12	111884608	0.000006	194	SH2B3	SH2B3	0.77	41049.5	1	Liver	0.000000000013	Liver
chr12	111884608	0.000006	194	SH2B3	ALDH2	0.12	-319889.5	1	Liver	0.000000000013	Liver
chr12	111884608	0.000006	194	SH2B3	PHETA1	0.12	77876.5	1	Liver	0.000000000013	Liver
